[
  {
    "name": "100836",
    "file": "100836.txt"
  },
  {
    "name": "100838",
    "file": "100838.txt"
  },
  {
    "name": "100841",
    "file": "100841.txt"
  },
  {
    "name": "100843",
    "file": "100843.txt"
  },
  {
    "name": "100845",
    "file": "100845.txt"
  },
  {
    "name": "100847",
    "file": "100847.txt"
  },
  {
    "name": "100849",
    "file": "100849.txt"
  },
  {
    "name": "100851",
    "file": "100851.txt"
  },
  {
    "name": "100853",
    "file": "100853.txt"
  },
  {
    "name": "100856",
    "file": "100856.txt"
  },
  {
    "name": "100858",
    "file": "100858.txt"
  },
  {
    "name": "100860",
    "file": "100860.txt"
  },
  {
    "name": "100862",
    "file": "100862.txt"
  },
  {
    "name": "100864",
    "file": "100864.txt"
  },
  {
    "name": "100866",
    "file": "100866.txt"
  },
  {
    "name": "100868",
    "file": "100868.txt"
  },
  {
    "name": "100870",
    "file": "100870.txt"
  },
  {
    "name": "100872",
    "file": "100872.txt"
  },
  {
    "name": "100874",
    "file": "100874.txt"
  },
  {
    "name": "100876",
    "file": "100876.txt"
  },
  {
    "name": "100878",
    "file": "100878.txt"
  },
  {
    "name": "100880",
    "file": "100880.txt"
  },
  {
    "name": "100882",
    "file": "100882.txt"
  },
  {
    "name": "100884",
    "file": "100884.txt"
  },
  {
    "name": "100886",
    "file": "100886.txt"
  },
  {
    "name": "100889",
    "file": "100889.txt"
  },
  {
    "name": "100891",
    "file": "100891.txt"
  },
  {
    "name": "100893",
    "file": "100893.txt"
  },
  {
    "name": "100895",
    "file": "100895.txt"
  },
  {
    "name": "100897",
    "file": "100897.txt"
  },
  {
    "name": "100899",
    "file": "100899.txt"
  },
  {
    "name": "100901",
    "file": "100901.txt"
  },
  {
    "name": "100903",
    "file": "100903.txt"
  },
  {
    "name": "100905",
    "file": "100905.txt"
  },
  {
    "name": "100907",
    "file": "100907.txt"
  },
  {
    "name": "101310",
    "file": "101310.txt"
  },
  {
    "name": "101313",
    "file": "101313.txt"
  },
  {
    "name": "101316",
    "file": "101316.txt"
  },
  {
    "name": "101322",
    "file": "101322.txt"
  },
  {
    "name": "101325",
    "file": "101325.txt"
  },
  {
    "name": "101329",
    "file": "101329.txt"
  },
  {
    "name": "101331",
    "file": "101331.txt"
  },
  {
    "name": "101334",
    "file": "101334.txt"
  },
  {
    "name": "101337",
    "file": "101337.txt"
  },
  {
    "name": "101341",
    "file": "101341.txt"
  },
  {
    "name": "101344",
    "file": "101344.txt"
  },
  {
    "name": "101345",
    "file": "101345.txt"
  },
  {
    "name": "101349",
    "file": "101349.txt"
  },
  {
    "name": "101353",
    "file": "101353.txt"
  },
  {
    "name": "101357",
    "file": "101357.txt"
  },
  {
    "name": "101358",
    "file": "101358.txt"
  },
  {
    "name": "101359",
    "file": "101359.txt"
  },
  {
    "name": "101360",
    "file": "101360.txt"
  },
  {
    "name": "101361",
    "file": "101361.txt"
  },
  {
    "name": "101362",
    "file": "101362.txt"
  },
  {
    "name": "101363",
    "file": "101363.txt"
  },
  {
    "name": "101364",
    "file": "101364.txt"
  },
  {
    "name": "101385",
    "file": "101385.txt"
  },
  {
    "name": "101390",
    "file": "101390.txt"
  },
  {
    "name": "101395",
    "file": "101395.txt"
  },
  {
    "name": "101396",
    "file": "101396.txt"
  },
  {
    "name": "101399",
    "file": "101399.txt"
  },
  {
    "name": "107979",
    "file": "107979.txt"
  },
  {
    "name": "115502",
    "file": "115502.txt"
  },
  {
    "name": "115517",
    "file": "115517.txt"
  },
  {
    "name": "115519",
    "file": "115519.txt"
  },
  {
    "name": "115520",
    "file": "115520.txt"
  },
  {
    "name": "115521",
    "file": "115521.txt"
  },
  {
    "name": "115526",
    "file": "115526.txt"
  },
  {
    "name": "115529",
    "file": "115529.txt"
  },
  {
    "name": "115530",
    "file": "115530.txt"
  },
  {
    "name": "115534",
    "file": "115534.txt"
  },
  {
    "name": "115535",
    "file": "115535.txt"
  },
  {
    "name": "115536",
    "file": "115536.txt"
  },
  {
    "name": "115537",
    "file": "115537.txt"
  },
  {
    "name": "115539",
    "file": "115539.txt"
  },
  {
    "name": "115557",
    "file": "115557.txt"
  },
  {
    "name": "115558",
    "file": "115558.txt"
  },
  {
    "name": "115560",
    "file": "115560.txt"
  },
  {
    "name": "115565",
    "file": "115565.txt"
  },
  {
    "name": "115567",
    "file": "115567.txt"
  },
  {
    "name": "115570",
    "file": "115570.txt"
  },
  {
    "name": "115579",
    "file": "115579.txt"
  },
  {
    "name": "115582",
    "file": "115582.txt"
  },
  {
    "name": "115586",
    "file": "115586.txt"
  },
  {
    "name": "115588",
    "file": "115588.txt"
  },
  {
    "name": "115589",
    "file": "115589.txt"
  },
  {
    "name": "115599",
    "file": "115599.txt"
  },
  {
    "name": "115601",
    "file": "115601.txt"
  },
  {
    "name": "115602",
    "file": "115602.txt"
  },
  {
    "name": "115603",
    "file": "115603.txt"
  },
  {
    "name": "115604",
    "file": "115604.txt"
  },
  {
    "name": "115605",
    "file": "115605.txt"
  },
  {
    "name": "115606",
    "file": "115606.txt"
  },
  {
    "name": "115607",
    "file": "115607.txt"
  },
  {
    "name": "115608",
    "file": "115608.txt"
  },
  {
    "name": "115609",
    "file": "115609.txt"
  },
  {
    "name": "115610",
    "file": "115610.txt"
  },
  {
    "name": "115611",
    "file": "115611.txt"
  },
  {
    "name": "115612",
    "file": "115612.txt"
  },
  {
    "name": "115613",
    "file": "115613.txt"
  },
  {
    "name": "115614",
    "file": "115614.txt"
  },
  {
    "name": "115615",
    "file": "115615.txt"
  },
  {
    "name": "115616",
    "file": "115616.txt"
  },
  {
    "name": "115617",
    "file": "115617.txt"
  },
  {
    "name": "115618",
    "file": "115618.txt"
  },
  {
    "name": "115619",
    "file": "115619.txt"
  },
  {
    "name": "115620",
    "file": "115620.txt"
  },
  {
    "name": "115621",
    "file": "115621.txt"
  },
  {
    "name": "115622",
    "file": "115622.txt"
  },
  {
    "name": "115623",
    "file": "115623.txt"
  },
  {
    "name": "115624",
    "file": "115624.txt"
  },
  {
    "name": "115625",
    "file": "115625.txt"
  },
  {
    "name": "115626",
    "file": "115626.txt"
  },
  {
    "name": "115627",
    "file": "115627.txt"
  },
  {
    "name": "115628",
    "file": "115628.txt"
  },
  {
    "name": "115629",
    "file": "115629.txt"
  },
  {
    "name": "115630",
    "file": "115630.txt"
  },
  {
    "name": "115631",
    "file": "115631.txt"
  },
  {
    "name": "115632",
    "file": "115632.txt"
  },
  {
    "name": "115633",
    "file": "115633.txt"
  },
  {
    "name": "115634",
    "file": "115634.txt"
  },
  {
    "name": "115635",
    "file": "115635.txt"
  },
  {
    "name": "115636",
    "file": "115636.txt"
  },
  {
    "name": "115637",
    "file": "115637.txt"
  },
  {
    "name": "115638",
    "file": "115638.txt"
  },
  {
    "name": "115639",
    "file": "115639.txt"
  },
  {
    "name": "115640",
    "file": "115640.txt"
  },
  {
    "name": "115641",
    "file": "115641.txt"
  },
  {
    "name": "115642",
    "file": "115642.txt"
  },
  {
    "name": "115643",
    "file": "115643.txt"
  },
  {
    "name": "115644",
    "file": "115644.txt"
  },
  {
    "name": "115645",
    "file": "115645.txt"
  },
  {
    "name": "115646",
    "file": "115646.txt"
  },
  {
    "name": "115647",
    "file": "115647.txt"
  },
  {
    "name": "115648",
    "file": "115648.txt"
  },
  {
    "name": "115649",
    "file": "115649.txt"
  },
  {
    "name": "115650",
    "file": "115650.txt"
  },
  {
    "name": "115651",
    "file": "115651.txt"
  },
  {
    "name": "115652",
    "file": "115652.txt"
  },
  {
    "name": "115653",
    "file": "115653.txt"
  },
  {
    "name": "115654",
    "file": "115654.txt"
  },
  {
    "name": "115655",
    "file": "115655.txt"
  },
  {
    "name": "115656",
    "file": "115656.txt"
  },
  {
    "name": "115657",
    "file": "115657.txt"
  },
  {
    "name": "115658",
    "file": "115658.txt"
  },
  {
    "name": "115659",
    "file": "115659.txt"
  },
  {
    "name": "115660",
    "file": "115660.txt"
  },
  {
    "name": "115661",
    "file": "115661.txt"
  },
  {
    "name": "115662",
    "file": "115662.txt"
  },
  {
    "name": "115663",
    "file": "115663.txt"
  },
  {
    "name": "115664",
    "file": "115664.txt"
  },
  {
    "name": "115665",
    "file": "115665.txt"
  },
  {
    "name": "115666",
    "file": "115666.txt"
  },
  {
    "name": "115667",
    "file": "115667.txt"
  },
  {
    "name": "115668",
    "file": "115668.txt"
  },
  {
    "name": "115669",
    "file": "115669.txt"
  },
  {
    "name": "115670",
    "file": "115670.txt"
  },
  {
    "name": "115671",
    "file": "115671.txt"
  },
  {
    "name": "115672",
    "file": "115672.txt"
  },
  {
    "name": "115673",
    "file": "115673.txt"
  },
  {
    "name": "115674",
    "file": "115674.txt"
  },
  {
    "name": "115675",
    "file": "115675.txt"
  },
  {
    "name": "115676",
    "file": "115676.txt"
  },
  {
    "name": "115677",
    "file": "115677.txt"
  },
  {
    "name": "115678",
    "file": "115678.txt"
  },
  {
    "name": "115679",
    "file": "115679.txt"
  },
  {
    "name": "115680",
    "file": "115680.txt"
  },
  {
    "name": "115681",
    "file": "115681.txt"
  },
  {
    "name": "115682",
    "file": "115682.txt"
  },
  {
    "name": "115683",
    "file": "115683.txt"
  },
  {
    "name": "115684",
    "file": "115684.txt"
  },
  {
    "name": "115685",
    "file": "115685.txt"
  },
  {
    "name": "115686",
    "file": "115686.txt"
  },
  {
    "name": "115687",
    "file": "115687.txt"
  },
  {
    "name": "115688",
    "file": "115688.txt"
  },
  {
    "name": "115689",
    "file": "115689.txt"
  },
  {
    "name": "115690",
    "file": "115690.txt"
  },
  {
    "name": "115691",
    "file": "115691.txt"
  },
  {
    "name": "115692",
    "file": "115692.txt"
  },
  {
    "name": "115693",
    "file": "115693.txt"
  },
  {
    "name": "115694",
    "file": "115694.txt"
  },
  {
    "name": "115695",
    "file": "115695.txt"
  },
  {
    "name": "115696",
    "file": "115696.txt"
  },
  {
    "name": "115697",
    "file": "115697.txt"
  },
  {
    "name": "115698",
    "file": "115698.txt"
  },
  {
    "name": "115699",
    "file": "115699.txt"
  },
  {
    "name": "115700",
    "file": "115700.txt"
  },
  {
    "name": "115701",
    "file": "115701.txt"
  },
  {
    "name": "115703",
    "file": "115703.txt"
  },
  {
    "name": "115708",
    "file": "115708.txt"
  },
  {
    "name": "115709",
    "file": "115709.txt"
  },
  {
    "name": "115711",
    "file": "115711.txt"
  },
  {
    "name": "115712",
    "file": "115712.txt"
  },
  {
    "name": "115713",
    "file": "115713.txt"
  },
  {
    "name": "115714",
    "file": "115714.txt"
  },
  {
    "name": "115715",
    "file": "115715.txt"
  },
  {
    "name": "115716",
    "file": "115716.txt"
  },
  {
    "name": "115717",
    "file": "115717.txt"
  },
  {
    "name": "115718",
    "file": "115718.txt"
  },
  {
    "name": "115719",
    "file": "115719.txt"
  },
  {
    "name": "115720",
    "file": "115720.txt"
  },
  {
    "name": "115721",
    "file": "115721.txt"
  },
  {
    "name": "115722",
    "file": "115722.txt"
  },
  {
    "name": "115723",
    "file": "115723.txt"
  },
  {
    "name": "115724",
    "file": "115724.txt"
  },
  {
    "name": "115725",
    "file": "115725.txt"
  },
  {
    "name": "115726",
    "file": "115726.txt"
  },
  {
    "name": "115727",
    "file": "115727.txt"
  },
  {
    "name": "115728",
    "file": "115728.txt"
  },
  {
    "name": "115729",
    "file": "115729.txt"
  },
  {
    "name": "115730",
    "file": "115730.txt"
  },
  {
    "name": "115731",
    "file": "115731.txt"
  },
  {
    "name": "115732",
    "file": "115732.txt"
  },
  {
    "name": "115733",
    "file": "115733.txt"
  },
  {
    "name": "115734",
    "file": "115734.txt"
  },
  {
    "name": "115735",
    "file": "115735.txt"
  },
  {
    "name": "115736",
    "file": "115736.txt"
  },
  {
    "name": "115737",
    "file": "115737.txt"
  },
  {
    "name": "115739",
    "file": "115739.txt"
  },
  {
    "name": "115740",
    "file": "115740.txt"
  },
  {
    "name": "115741",
    "file": "115741.txt"
  },
  {
    "name": "115742",
    "file": "115742.txt"
  },
  {
    "name": "115743",
    "file": "115743.txt"
  },
  {
    "name": "115744",
    "file": "115744.txt"
  },
  {
    "name": "115745",
    "file": "115745.txt"
  },
  {
    "name": "115746",
    "file": "115746.txt"
  },
  {
    "name": "115747",
    "file": "115747.txt"
  },
  {
    "name": "115748",
    "file": "115748.txt"
  },
  {
    "name": "115749",
    "file": "115749.txt"
  },
  {
    "name": "115750",
    "file": "115750.txt"
  },
  {
    "name": "115751",
    "file": "115751.txt"
  },
  {
    "name": "115752",
    "file": "115752.txt"
  },
  {
    "name": "115753",
    "file": "115753.txt"
  },
  {
    "name": "115754",
    "file": "115754.txt"
  },
  {
    "name": "115755",
    "file": "115755.txt"
  },
  {
    "name": "115756",
    "file": "115756.txt"
  },
  {
    "name": "115757",
    "file": "115757.txt"
  },
  {
    "name": "115758",
    "file": "115758.txt"
  },
  {
    "name": "115759",
    "file": "115759.txt"
  },
  {
    "name": "115760",
    "file": "115760.txt"
  },
  {
    "name": "115761",
    "file": "115761.txt"
  },
  {
    "name": "115762",
    "file": "115762.txt"
  },
  {
    "name": "115763",
    "file": "115763.txt"
  },
  {
    "name": "115766",
    "file": "115766.txt"
  },
  {
    "name": "115769",
    "file": "115769.txt"
  },
  {
    "name": "115770",
    "file": "115770.txt"
  },
  {
    "name": "115771",
    "file": "115771.txt"
  },
  {
    "name": "115772",
    "file": "115772.txt"
  },
  {
    "name": "115773",
    "file": "115773.txt"
  },
  {
    "name": "115774",
    "file": "115774.txt"
  },
  {
    "name": "115775",
    "file": "115775.txt"
  },
  {
    "name": "115776",
    "file": "115776.txt"
  },
  {
    "name": "115779",
    "file": "115779.txt"
  },
  {
    "name": "115782",
    "file": "115782.txt"
  },
  {
    "name": "115785",
    "file": "115785.txt"
  },
  {
    "name": "115788",
    "file": "115788.txt"
  },
  {
    "name": "115791",
    "file": "115791.txt"
  },
  {
    "name": "115793",
    "file": "115793.txt"
  },
  {
    "name": "115794",
    "file": "115794.txt"
  },
  {
    "name": "115796",
    "file": "115796.txt"
  },
  {
    "name": "115798",
    "file": "115798.txt"
  },
  {
    "name": "115800",
    "file": "115800.txt"
  },
  {
    "name": "115801",
    "file": "115801.txt"
  },
  {
    "name": "115820",
    "file": "115820.txt"
  },
  {
    "name": "115821",
    "file": "115821.txt"
  },
  {
    "name": "115822",
    "file": "115822.txt"
  },
  {
    "name": "115823",
    "file": "115823.txt"
  },
  {
    "name": "115825",
    "file": "115825.txt"
  },
  {
    "name": "115828",
    "file": "115828.txt"
  },
  {
    "name": "115832",
    "file": "115832.txt"
  },
  {
    "name": "115836",
    "file": "115836.txt"
  },
  {
    "name": "115839",
    "file": "115839.txt"
  },
  {
    "name": "115840",
    "file": "115840.txt"
  },
  {
    "name": "115842",
    "file": "115842.txt"
  },
  {
    "name": "115843",
    "file": "115843.txt"
  },
  {
    "name": "115846",
    "file": "115846.txt"
  },
  {
    "name": "115848",
    "file": "115848.txt"
  },
  {
    "name": "115849",
    "file": "115849.txt"
  },
  {
    "name": "115850",
    "file": "115850.txt"
  },
  {
    "name": "115852",
    "file": "115852.txt"
  },
  {
    "name": "115854",
    "file": "115854.txt"
  },
  {
    "name": "115857",
    "file": "115857.txt"
  },
  {
    "name": "115862",
    "file": "115862.txt"
  },
  {
    "name": "115866",
    "file": "115866.txt"
  },
  {
    "name": "115869",
    "file": "115869.txt"
  },
  {
    "name": "115870",
    "file": "115870.txt"
  },
  {
    "name": "115872",
    "file": "115872.txt"
  },
  {
    "name": "115874",
    "file": "115874.txt"
  },
  {
    "name": "115876",
    "file": "115876.txt"
  },
  {
    "name": "115878",
    "file": "115878.txt"
  },
  {
    "name": "115880",
    "file": "115880.txt"
  },
  {
    "name": "115882",
    "file": "115882.txt"
  },
  {
    "name": "115886",
    "file": "115886.txt"
  },
  {
    "name": "115888",
    "file": "115888.txt"
  },
  {
    "name": "115890",
    "file": "115890.txt"
  },
  {
    "name": "115894",
    "file": "115894.txt"
  },
  {
    "name": "115895",
    "file": "115895.txt"
  },
  {
    "name": "115896",
    "file": "115896.txt"
  },
  {
    "name": "115897",
    "file": "115897.txt"
  },
  {
    "name": "115900",
    "file": "115900.txt"
  },
  {
    "name": "115901",
    "file": "115901.txt"
  },
  {
    "name": "115902",
    "file": "115902.txt"
  },
  {
    "name": "115903",
    "file": "115903.txt"
  },
  {
    "name": "115904",
    "file": "115904.txt"
  },
  {
    "name": "115905",
    "file": "115905.txt"
  },
  {
    "name": "115906",
    "file": "115906.txt"
  },
  {
    "name": "115907",
    "file": "115907.txt"
  },
  {
    "name": "115908",
    "file": "115908.txt"
  },
  {
    "name": "115909",
    "file": "115909.txt"
  },
  {
    "name": "115910",
    "file": "115910.txt"
  },
  {
    "name": "115911",
    "file": "115911.txt"
  },
  {
    "name": "115912",
    "file": "115912.txt"
  },
  {
    "name": "115913",
    "file": "115913.txt"
  },
  {
    "name": "115914",
    "file": "115914.txt"
  },
  {
    "name": "115915",
    "file": "115915.txt"
  },
  {
    "name": "115916",
    "file": "115916.txt"
  },
  {
    "name": "115917",
    "file": "115917.txt"
  },
  {
    "name": "115918",
    "file": "115918.txt"
  },
  {
    "name": "115919",
    "file": "115919.txt"
  },
  {
    "name": "115920",
    "file": "115920.txt"
  },
  {
    "name": "115921",
    "file": "115921.txt"
  },
  {
    "name": "115922",
    "file": "115922.txt"
  },
  {
    "name": "115923",
    "file": "115923.txt"
  },
  {
    "name": "115924",
    "file": "115924.txt"
  },
  {
    "name": "115925",
    "file": "115925.txt"
  },
  {
    "name": "115926",
    "file": "115926.txt"
  },
  {
    "name": "115927",
    "file": "115927.txt"
  },
  {
    "name": "115928",
    "file": "115928.txt"
  },
  {
    "name": "115929",
    "file": "115929.txt"
  },
  {
    "name": "115930",
    "file": "115930.txt"
  },
  {
    "name": "115931",
    "file": "115931.txt"
  },
  {
    "name": "115932",
    "file": "115932.txt"
  },
  {
    "name": "115933",
    "file": "115933.txt"
  },
  {
    "name": "115934",
    "file": "115934.txt"
  },
  {
    "name": "115935",
    "file": "115935.txt"
  },
  {
    "name": "115936",
    "file": "115936.txt"
  },
  {
    "name": "115937",
    "file": "115937.txt"
  },
  {
    "name": "115938",
    "file": "115938.txt"
  },
  {
    "name": "115939",
    "file": "115939.txt"
  },
  {
    "name": "115940",
    "file": "115940.txt"
  },
  {
    "name": "115941",
    "file": "115941.txt"
  },
  {
    "name": "115942",
    "file": "115942.txt"
  },
  {
    "name": "115943",
    "file": "115943.txt"
  },
  {
    "name": "115944",
    "file": "115944.txt"
  },
  {
    "name": "115945",
    "file": "115945.txt"
  },
  {
    "name": "115946",
    "file": "115946.txt"
  },
  {
    "name": "115947",
    "file": "115947.txt"
  },
  {
    "name": "115948",
    "file": "115948.txt"
  },
  {
    "name": "115949",
    "file": "115949.txt"
  },
  {
    "name": "115950",
    "file": "115950.txt"
  },
  {
    "name": "115951",
    "file": "115951.txt"
  },
  {
    "name": "115952",
    "file": "115952.txt"
  },
  {
    "name": "115953",
    "file": "115953.txt"
  },
  {
    "name": "115954",
    "file": "115954.txt"
  },
  {
    "name": "115955",
    "file": "115955.txt"
  },
  {
    "name": "115956",
    "file": "115956.txt"
  },
  {
    "name": "115957",
    "file": "115957.txt"
  },
  {
    "name": "115958",
    "file": "115958.txt"
  },
  {
    "name": "115959",
    "file": "115959.txt"
  },
  {
    "name": "115960",
    "file": "115960.txt"
  },
  {
    "name": "115961",
    "file": "115961.txt"
  },
  {
    "name": "115962",
    "file": "115962.txt"
  },
  {
    "name": "115963",
    "file": "115963.txt"
  },
  {
    "name": "115964",
    "file": "115964.txt"
  },
  {
    "name": "115965",
    "file": "115965.txt"
  },
  {
    "name": "115966",
    "file": "115966.txt"
  },
  {
    "name": "115967",
    "file": "115967.txt"
  },
  {
    "name": "115968",
    "file": "115968.txt"
  },
  {
    "name": "115969",
    "file": "115969.txt"
  },
  {
    "name": "115970",
    "file": "115970.txt"
  },
  {
    "name": "115971",
    "file": "115971.txt"
  },
  {
    "name": "115972",
    "file": "115972.txt"
  },
  {
    "name": "115973",
    "file": "115973.txt"
  },
  {
    "name": "115974",
    "file": "115974.txt"
  },
  {
    "name": "115975",
    "file": "115975.txt"
  },
  {
    "name": "115976",
    "file": "115976.txt"
  },
  {
    "name": "115977",
    "file": "115977.txt"
  },
  {
    "name": "115978",
    "file": "115978.txt"
  },
  {
    "name": "115979",
    "file": "115979.txt"
  },
  {
    "name": "115980",
    "file": "115980.txt"
  },
  {
    "name": "115981",
    "file": "115981.txt"
  },
  {
    "name": "115982",
    "file": "115982.txt"
  },
  {
    "name": "115983",
    "file": "115983.txt"
  },
  {
    "name": "115984",
    "file": "115984.txt"
  },
  {
    "name": "115985",
    "file": "115985.txt"
  },
  {
    "name": "115986",
    "file": "115986.txt"
  },
  {
    "name": "115987",
    "file": "115987.txt"
  },
  {
    "name": "115988",
    "file": "115988.txt"
  },
  {
    "name": "115989",
    "file": "115989.txt"
  },
  {
    "name": "115990",
    "file": "115990.txt"
  },
  {
    "name": "115991",
    "file": "115991.txt"
  },
  {
    "name": "115992",
    "file": "115992.txt"
  },
  {
    "name": "115993",
    "file": "115993.txt"
  },
  {
    "name": "115994",
    "file": "115994.txt"
  },
  {
    "name": "115995",
    "file": "115995.txt"
  },
  {
    "name": "115996",
    "file": "115996.txt"
  },
  {
    "name": "115997",
    "file": "115997.txt"
  },
  {
    "name": "115998",
    "file": "115998.txt"
  },
  {
    "name": "115999",
    "file": "115999.txt"
  },
  {
    "name": "271829",
    "file": "271829.txt"
  }
]
